"Informazioni cronologiche","Quanti anni hai?","Sesso?","Hai mai svolto la professione di Personal Trainer/istruttore in una palestra oppure online?","Fornisci i programmi di allenamento ai clienti che segui? Se s√¨, come li fornisci?","Sei hai risposto s√¨ alla domanda precedente, quanto sei soddisfatto di questo mezzo?","Cosa miglioreresti?","Segui i progressi prestazionali dei tuoi clienti? Se s√¨, come li registri?","Sei hai risposto s√¨ alla domanda precedente, quanto sei soddisfatto di questo mezzo?","Cosa miglioreresti?","Effettui le comunicazioni di servizio riguardanti la palestra ai tuoi clienti? Se s√¨, come?","Sei hai risposto s√¨ alla domanda precedente, quanto sei soddisfatto di questo metodo?","Dai consigli ai tuoi clienti riguardo l'alimentazione da seguire?","Ti sei mai allenato in palestra?","Con che frequenza ti alleni?","In che modo organizzi il tuo allenamento?","Per quale motivo vai in palestra?","Su che supporto segui il tuo programma di allenamento?","In riferimento alla domanda precedente, quanto sei soddisfatto di questo mezzo?","Perch√©?","L'istruttore ti ha mai dato consigli riguardo l'alimentazione da seguire?","Porti il tuo smartphone in palestra?","Se porti il tuo smartphone in palestra, quanto pensi sia utile ai fini dell'allenamento?","Nella tua palestra riesci a connetterti ad internet?","Hai mai avuto bisogno che qualcuno ti spiegasse come usare uno specifico attrezzo in palestra? Se s√¨, a chi hai chiesto?","Registri i tuoi progressi prestazionali? Se s√¨, in che modo?","Sei hai risposto s√¨ alla domanda precedente, sei soddisfatto di questo mezzo?","Perch√©?","Hai mai sentito la necessit√† di registrare/vedere i tuoi progressi prestazionali?","In che modo vorresti visualizzare i tuoi progressi?","In che modo ricevi comunicazioni riguardanti la palestra?","Sei hai risposto s√¨ alla domanda precedente, sei soddisfatto di questo mezzo?","Perch√©?"
"2019/11/07 2:49:47 PM CET","Tra i 21 e i 30 anni","Maschio","No","","","","","","","","","","S√¨","Due volte a settimana","L'istruttore mi fornisce un programma di allenamento","Per mantenere la forma fisica","A memoria","6","","S√¨","S√¨, lo porto con me durante gli esercizi","3","Non lo so","No, Non ne ho mai avuto bisogno","No, non li registro","1","","No","","Leggendo gli avvisi esposti in palestra","3",""
"2019/11/07 2:49:48 PM CET","Tra i 21 e i 30 anni","Femmina","No","","","","","","","","","","No","","","","","","","","","","","","","","","","","","",""
"2019/11/07 2:52:50 PM CET","Tra i 21 e i 30 anni","Maschio","No","","","","","","","","","","S√¨","Una volta a settimana","L'istruttore mi fornisce un programma di allenamento","Per mantenere la forma fisica","Su una scheda cartacea","6","","No","S√¨, ma lo lascio in borsa","2","Non lo so","S√¨, all'istruttore","No, non li registro","","","No","","Non ricevo comunicazioni","",""
"2019/11/07 2:54:11 PM CET","20 anni o meno","Maschio","No","","","","","","","","","","S√¨","Tre o pi√π volte a settimana","L'istruttore mi fornisce un programma di allenamento","Per mantenere la forma fisica;Come integrazione ad un'altra attivit√† sportiva esterna alla palestra","A memoria","6","","S√¨","S√¨, ma lo lascio in borsa","1","S√¨","S√¨, all'istruttore","No, non li registro","","","No","","Non ricevo comunicazioni","",""
"2019/11/07 2:54:34 PM CET","Tra i 21 e i 30 anni","Femmina","No","","","","","","","","","","S√¨","Meno di una volta a settimana","Seguo il programma di un allenatore diverso dall'istruttore della palestra","Per mantenere la forma fisica;Per incrementare la mia forza;Per diventare come KARS","Su una scheda cartacea","1","Perch√® perdo il pezzo di carta o esplode per autocombustione","S√¨","S√¨, lo porto con me durante gli esercizi","4","No","No, Non ne ho mai avuto bisogno","No, non li registro","","","S√¨","Un modellino tridimensionale di me stessa  che cambia forma con l aumentare dei progressi","Non ricevo comunicazioni","",""
"2019/11/07 2:55:03 PM CET","Tra i 21 e i 30 anni","Maschio","No","","","","","","","","","","S√¨","Tre o pi√π volte a settimana","L'istruttore mi fornisce un programma di allenamento","Per mantenere la forma fisica;Per incrementare la mia massa muscolare;Per incrementare la mia forza;Come integrazione ad un'altra attivit√† sportiva esterna alla palestra","Su una scheda cartacea","4","Si a qualche domanda???","No","S√¨, lo porto con me durante gli esercizi","5","S√¨","S√¨, all'istruttore","S√¨, uso una applicazione per smartphone","6","","","","Leggendo gli avvisi esposti in palestra","5",""
"2019/11/07 2:57:48 PM CET","Tra i 21 e i 30 anni","Maschio","No","","","","","","","","","","S√¨","Tre o pi√π volte a settimana","Seguo il programma di un allenatore diverso dall'istruttore della palestra","Per incrementare la mia forza;Come integrazione ad un'altra attivit√† sportiva esterna alla palestra","Su una scheda cartacea","4","","S√¨","S√¨, lo porto con me durante gli esercizi","5","S√¨","S√¨, all'istruttore","No, non li registro","","","No","Grafico","Non ricevo comunicazioni","",""
"2019/11/07 3:01:20 PM CET","Tra i 21 e i 30 anni","Maschio","No","","","","","","","","","","S√¨","Una volta a settimana","Uso una app per smartphone che mi fornisce un programma di allenamento","Per mantenere la forma fisica","","","","","S√¨, lo porto con me durante gli esercizi","5","S√¨","S√¨, all'istruttore","No, non li registro","","","No","","Non ricevo comunicazioni","",""
"2019/11/07 3:01:38 PM CET","Tra i 21 e i 30 anni","Maschio","No","","","","","","","","","","S√¨","Meno di una volta a settimana","L'istruttore mi fornisce un programma di allenamento","Per mantenere la forma fisica;Per svago","Su una scheda cartacea","1","","No","S√¨, ma lo lascio in borsa","1","S√¨","S√¨, all'istruttore","No, non li registro","","","S√¨","","Non ricevo comunicazioni","",""
"2019/11/07 3:03:51 PM CET","Tra i 21 e i 30 anni","Maschio","No","","","","","","","","","","S√¨","Tre o pi√π volte a settimana","Gestisco il mio allenamento autonomamente","Per incrementare la mia massa muscolare","","","","","S√¨, lo porto con me durante gli esercizi","5","S√¨","S√¨, all'istruttore","Tramite un dietologo","","","","","Leggendo gli avvisi esposti in palestra","",""
"2019/11/07 3:04:59 PM CET","Tra i 21 e i 30 anni","Maschio","No","","","","","","","","","","S√¨","Tre o pi√π volte a settimana","Seguo il programma di un allenatore diverso dall'istruttore della palestra","Faccio uno sport di sollevamento pesi","PDF inviato dal coach","3","Scomodo come strumento","S√¨","S√¨, lo porto con me durante gli esercizi","7","S√¨","S√¨, all'istruttore","S√¨, Il mio personal trainer li registra per me","4","Preferirei avere pi√π insight sui progressi, tipo grafici","","","Non ricevo comunicazioni","",""
"2019/11/07 3:06:12 PM CET","Tra i 21 e i 30 anni","Maschio","No","","","","","","","","","","S√¨","Tre o pi√π volte a settimana","Gestisco il mio allenamento autonomamente","Non vado pi√π in palestra, ho indicato che mi sono ancora allenato, non che mi alleno attualmente...","","","","","Non ci vado","","Non lo so","S√¨, all'istruttore","No, non li registro","","","No","","Non ricevo comunicazioni","",""
"2019/11/07 3:08:42 PM CET","Tra i 21 e i 30 anni","Femmina","No","","","","","","","","","","No","","","","","","","","","","","","","","","","","","",""
"2019/11/07 3:09:28 PM CET","Tra i 21 e i 30 anni","Maschio","No","","","","","","","","","","S√¨","Due volte a settimana","L'istruttore mi fornisce un programma di allenamento","Per incrementare la mia massa muscolare","Sullo smartphone","6","","S√¨","S√¨, lo porto con me durante gli esercizi","6","S√¨","S√¨, all'istruttore","S√¨, uso una applicazione per smartphone","6","","","","A voce dall'istruttore","4",""
"2019/11/07 3:12:16 PM CET","20 anni o meno","Femmina","No","","","","","","","","","","S√¨","Tre o pi√π volte a settimana","Gestisco il mio allenamento autonomamente","Per mantenere la forma fisica;Per svago","","","","","S√¨, lo porto con me durante gli esercizi","3","S√¨","S√¨, ad altri clienti della palestra","No, non li registro","","","No","","Leggendo gli avvisi esposti in palestra","6",""
"2019/11/07 3:13:05 PM CET","20 anni o meno","Maschio","No","","","","","","","","","","No","","","","","","","","","","","","","","","","","","",""
"2019/11/07 3:13:28 PM CET","Tra i 21 e i 30 anni","Maschio","No","","","","","","","","","","No","","","","","","","","","","","","","","","","","","",""
"2019/11/07 3:15:30 PM CET","Tra i 31 e i 40 anni","Maschio","No","","","","","","","","","","S√¨","Tre o pi√π volte a settimana","L'istruttore mi fornisce un programma di allenamento","Per mantenere la forma fisica;Seguo un corso offerto dalla palestra;Per svago","L'istruttore mi segue esercizio per esercizio","7","Perch√© se sbaglio me lo dicono","No","S√¨, ma lo lascio in borsa","1","S√¨","S√¨, all'istruttore","No, non li registro","1","800a","No","se sono dimagrito e/o ho messo su massa e/o mi √® migliorato il fiato, vuol dire che ho progredito","Leggendo gli avvisi esposti in palestra","7","Perch√© sono bene esposti"
"2019/11/07 3:15:53 PM CET","Tra i 21 e i 30 anni","Preferisco non specificare","No","","","","","","","","","","No","","","","","","","","","","","","","","","","","","",""
"2019/11/07 3:15:59 PM CET","20 anni o meno","Maschio","No","","","","","","","","","","No","","","","","","","","","","","","","","","","","","",""
"2019/11/07 3:16:57 PM CET","20 anni o meno","üòè","No","","","","","","","","","","No","","","","","","","","","","","","","","","","","","",""
"2019/11/07 3:17:01 PM CET","20 anni o meno","Maschio","No","","","","","","","","","","S√¨","Tre o pi√π volte a settimana","Seguo il programma fornitomi da miei amici / parenti","Per mantenere la forma fisica;Per incrementare la mia massa muscolare;Per incrementare la mia forza;Per svago","Sullo smartphone","7","","No","S√¨, lo porto con me durante gli esercizi","4","S√¨","S√¨, all'istruttore","S√¨, uso una applicazione per smartphone","5","","","","Non ricevo comunicazioni","7",""
"2019/11/07 3:17:10 PM CET","Tra i 31 e i 40 anni","Femmina","No","","","","","","","","","","S√¨","Meno di una volta a settimana","Gestisco il mio allenamento autonomamente","Per mantenere la forma fisica","","","","","S√¨, lo porto con me durante gli esercizi","4","S√¨","S√¨, all'istruttore","No, non li registro","","","No","","Non ricevo comunicazioni","",""
"2019/11/07 3:17:59 PM CET","Tra i 21 e i 30 anni","Maschio","No","","","","","","","","","","S√¨","Una volta a settimana","Gestisco il mio allenamento autonomamente","Per svago","","","","","S√¨, ma lo lascio in borsa","1","S√¨","No, Non ne ho mai avuto bisogno","No, non li registro","","","No","","Non ricevo comunicazioni","",""
"2019/11/07 3:18:03 PM CET","20 anni o meno","Elicottero ","No","","","","","","","","","","S√¨","Meno di una volta a settimana","Gestisco il mio allenamento autonomamente","Per incrementare la mia massa muscolare","","","","","S√¨, lo porto con me durante gli esercizi","4","S√¨","S√¨, all'istruttore","No, non li registro","","","S√¨","","Non ricevo comunicazioni","",""
"2019/11/07 3:18:04 PM CET","20 anni o meno","Maschio","No","","","","","","","","","","S√¨","Tre o pi√π volte a settimana","Seguo il programma di un allenatore diverso dall'istruttore della palestra","Per incrementare la mia forza;Faccio uno sport di sollevamento pesi","Su una scheda cartacea","7","√® molto meglio perch√® se utilizzassi lo smartphone mi perderei in cavolate e non mi allenerei correttamente","No","S√¨, ma lo lascio in borsa","1","S√¨","No, Non ne ho mai avuto bisogno","S√¨, uso un supporto cartaceo","7","","","","Tramite messaggio per telefono","7","√® pratico e veloce"
"2019/11/07 3:18:13 PM CET","20 anni o meno","Maschio","No","","","","","","","","","","No","","","","","","","","","","","","","","","","","","",""
"2019/11/07 3:19:14 PM CET","Tra i 51 e i 60 anni","Femmina","No","","","","","","","","","","No","","","","","","","","","","","","","","","","","","",""
"2019/11/07 3:19:54 PM CET","20 anni o meno","Femmina","No","","","","","","","","","","S√¨","Meno di una volta a settimana","Gestisco il mio allenamento autonomamente","Per mantenere la forma fisica","","","","","S√¨, lo porto con me durante gli esercizi","3","Non lo so","S√¨, all'istruttore","No, non li registro","7","","S√¨","","Tramite messaggio per telefono","6",""
"2019/11/07 3:20:18 PM CET","20 anni o meno","Maschio","No","","","","","","","","","","S√¨","Meno di una volta a settimana","Seguo il programma fornitomi da miei amici / parenti","Per mantenere la forma fisica;Per incrementare la mia massa muscolare;Per incrementare la mia forza","A memoria","5","","S√¨","S√¨, ma lo lascio in borsa","3","No","S√¨, ad amici","No, non li registro","","","No","","Non ricevo comunicazioni","",""
"2019/11/07 3:20:38 PM CET","20 anni o meno","Maschio","No","","","","","","","","","","No","","","","","","","","","","","","","","","","","","",""
"2019/11/07 3:20:43 PM CET","20 anni o meno","Femmina","No","","","","","","","","","","S√¨","Tre o pi√π volte a settimana","Gestisco il mio allenamento autonomamente","Per mantenere la forma fisica;Come integrazione ad un'altra attivit√† sportiva esterna alla palestra","","","","","S√¨, lo porto con me durante gli esercizi","4","No","S√¨, ad amici","No, non li registro","","","S√¨","","Tramite messaggio per telefono","4",""
"2019/11/07 3:21:08 PM CET","Tra i 41 e i 50 anni","Femmina","No","","","","","","","","","","S√¨","Tre o pi√π volte a settimana","L'istruttore mi fornisce un programma di allenamento","Per mantenere la forma fisica;Per incrementare la mia massa muscolare","Su una scheda cartacea","4","","S√¨","S√¨, ma lo lascio in borsa","4","Non lo so","S√¨, ad altri clienti della palestra","No, non li registro","","","No","","Non ricevo comunicazioni","",""
"2019/11/07 3:21:49 PM CET","20 anni o meno","Maschio","No","","","","","","","","","","No","","","","","","","","","","","","","","","","","","",""
"2019/11/07 3:23:44 PM CET","Tra i 51 e i 60 anni","Femmina","No","","","","","","","","","","No","","","","","","","","","","","","","","","","","","",""
"2019/11/07 3:24:33 PM CET","20 anni o meno","Maschio","No","","","","","","","","","","S√¨","Tre o pi√π volte a settimana","L'istruttore mi fornisce un programma di allenamento","Per mantenere la forma fisica;Per incrementare la mia massa muscolare;Per incrementare la mia forza","A memoria","7","","No","S√¨, ma lo lascio in borsa","1","S√¨","S√¨, all'istruttore","No, non li registro","2","","No","","Leggendo gli avvisi esposti in palestra","1",""
"2019/11/07 3:24:46 PM CET","Tra i 21 e i 30 anni","Maschio","No","","","","","","","","","","No","","","","","","","","","","","","","","","","","","",""
"2019/11/07 3:27:04 PM CET","Tra i 41 e i 50 anni","Femmina","No","","","","","","","","","","No","","","","","","","","","","","","","","","","","","",""
"2019/11/07 3:27:48 PM CET","Tra i 51 e i 60 anni","Femmina","No","","","","","","","","","","S√¨","Due volte a settimana","L'istruttore mi fornisce un programma di allenamento","Per mantenere la forma fisica","Su una scheda cartacea","3","","No","S√¨, ma lo lascio in borsa","","S√¨","S√¨, all'istruttore","No, non li registro","","","No","","Tramite messaggio per telefono","",""
"2019/11/07 3:29:15 PM CET","20 anni o meno","Femmina","No","","","","","","","","","","S√¨","Due volte a settimana","L'istruttore mi fornisce un programma di allenamento","Per incrementare la mia forza;Come integrazione ad un'altra attivit√† sportiva esterna alla palestra","Su una scheda cartacea","7","Ho sottomano tutti gli esercizi che devo fare","No","S√¨, ma lo lascio in borsa","2","S√¨","S√¨, all'istruttore","No, non li registro","","","S√¨","Non so come si possano vedere ma sarei interessata a saperlo","Leggendo gli avvisi esposti in palestra","4","Perch√© ogni tanto non vado in palestra per un certo periodo e quindi non so se ci sono nuovi avvisi riguardanti soprattutto l'orario "
"2019/11/07 3:31:42 PM CET","20 anni o meno","Maschio","No","","","","","","","","","","No","","","","","","","","","","","","","","","","","","",""
"2019/11/07 3:33:46 PM CET","Tra i 31 e i 40 anni","Maschio","No","","","","","","","","","","S√¨","Due volte a settimana","Gestisco il mio allenamento autonomamente","Per mantenere la forma fisica;Per incrementare la mia forza;Per svago","","","","","S√¨, ma lo lascio in borsa","2","S√¨","No, Non ne ho mai avuto bisogno","No, non li registro","","","No","","Non ricevo comunicazioni","",""
"2019/11/07 3:34:43 PM CET","20 anni o meno","Maschio","No","","","","","","","","","","S√¨","Tre o pi√π volte a settimana","Seguo il programma di un allenatore diverso dall'istruttore della palestra","Per incrementare la mia massa muscolare","Su una scheda cartacea","7","Comodo ","S√¨","S√¨, lo porto con me durante gli esercizi","2","S√¨","S√¨, all'istruttore","S√¨, uso una applicazione per smartphone","7","Comodit√†","","","Tramite messaggio per telefono","7","Riesco a sapere se √® chiusa senza andarci fisicamente"
"2019/11/07 3:36:11 PM CET","Tra i 21 e i 30 anni","Maschio","No","","","","","","","","","","S√¨","Due volte a settimana","Gestisco il mio allenamento autonomamente","Per mantenere la forma fisica;Per incrementare la mia massa muscolare;Per incrementare la mia forza;Per svago","","","","","S√¨, ma lo lascio in borsa","3","Non lo so","S√¨, ho cercato su Internet","No, non li registro","","","No","","Non ricevo comunicazioni","",""
"2019/11/07 3:36:14 PM CET","Tra i 41 e i 50 anni","Femmina","No","","","","","","","","","","No","","","","","","","","","","","","","","","","","","",""
"2019/11/07 3:37:56 PM CET","20 anni o meno","Maschio","No","","","","","","","","","","S√¨","Due volte a settimana","L'istruttore mi fornisce un programma di allenamento","Per incrementare la mia massa muscolare","Su una scheda cartacea","7","","No","S√¨, ma lo lascio in borsa","1","No","S√¨, all'istruttore","No, non li registro","","","No","","Non ricevo comunicazioni","",""
"2019/11/07 3:39:24 PM CET","20 anni o meno","Maschio","No","","","","","","","","","","S√¨","Meno di una volta a settimana","L'istruttore mi fornisce un programma di allenamento","Come integrazione ad un'altra attivit√† sportiva esterna alla palestra","L'istruttore mi segue esercizio per esercizio","6","","No","S√¨, ma lo lascio in borsa","4","S√¨","S√¨, all'istruttore","No, non li registro","","","No","","Non ricevo comunicazioni","",""
"2019/11/07 3:41:59 PM CET","20 anni o meno","Maschio","No","","","","","","","","","","No","","","","","","","","","","","","","","","","","","",""
"2019/11/07 3:42:41 PM CET","Tra i 21 e i 30 anni","Femmina","No","","","","","","","","","","No","","","","","","","","","","","","","","","","","","",""
"2019/11/07 3:43:58 PM CET","Tra i 21 e i 30 anni","Maschio","No","","","","","","","","","","No","","","","","","","","","","","","","","","","","","",""
"2019/11/07 3:44:05 PM CET","Tra i 21 e i 30 anni","Maschio","No","","","","","","","","","","No","","","","","","","","","","","","","","","","","","",""
"2019/11/07 3:46:04 PM CET","20 anni o meno","Maschio","No","","","","","","","","","","S√¨","Tre o pi√π volte a settimana","L'istruttore mi fornisce un programma di allenamento","Per incrementare la mia massa muscolare;Per svago","Sullo smartphone","4","","No","S√¨, lo porto con me durante gli esercizi","2","S√¨","S√¨, all'istruttore","No, non li registro","","","No","","Non ricevo comunicazioni","",""
"2019/11/07 3:46:24 PM CET","20 anni o meno","Maschio","No","","","","","","","","","","S√¨","Tre o pi√π volte a settimana","L'istruttore mi fornisce un programma di allenamento","Per mantenere la forma fisica;Per incrementare la mia massa muscolare;Per incrementare la mia forza;Come integrazione ad un'altra attivit√† sportiva esterna alla palestra;Per svago","Su una scheda cartacea","5","La scheda cartacea √® uno strumento versatile, ma una soluzione tipo app per segnare di volta in volta i progressi e avere delle statistiche sarebbe utile. ","No","S√¨, ma lo lascio in borsa","1","S√¨","S√¨, all'istruttore","No, non li registro","","","S√¨","Grafico di carico/ripetizioni per ogni esercizio ","Tramite un Social Network (ad esempio Facebook)","5",""
"2019/11/07 3:46:42 PM CET","20 anni o meno","Maschio","No","","","","","","","","","","S√¨","Tre o pi√π volte a settimana","Seguo il programma fornitomi da miei amici / parenti","Per mantenere la forma fisica;Per incrementare la mia massa muscolare;Per incrementare la mia forza;Come integrazione ad un'altra attivit√† sportiva esterna alla palestra","Su una scheda cartacea","7","","No","S√¨, lo porto con me durante gli esercizi","6","S√¨","S√¨, ho cercato su Internet","S√¨, uso un supporto cartaceo","7","","","","Non ricevo comunicazioni","",""
"2019/11/07 3:47:00 PM CET","Tra i 21 e i 30 anni","Maschio","No","","","","","","","","","","No","","","","","","","","","","","","","","","","","","",""
"2019/11/07 3:49:03 PM CET","Tra i 51 e i 60 anni","Femmina","No","","","","","","","","","","S√¨","Una volta a settimana","L'istruttore mi fornisce un programma di allenamento","Per mantenere la forma fisica","Su una scheda cartacea","6","","No","S√¨, lo porto con me durante gli esercizi","1","Non lo so","S√¨, all'istruttore","No, non li registro","1","","No","","Non ricevo comunicazioni","",""
"2019/11/07 3:50:43 PM CET","Tra i 21 e i 30 anni","Femmina","No","","","","","","","","","","No","","","","","","","","","","","","","","","","","","",""
"2019/11/07 3:52:33 PM CET","Tra i 21 e i 30 anni","Maschio","No","","","","","","","","","","S√¨","Tre o pi√π volte a settimana","L'istruttore mi fornisce un programma di allenamento","Per mantenere la forma fisica","Su una scheda cartacea","4","","S√¨","S√¨, ma lo lascio in borsa","2","Non lo so","S√¨, all'istruttore","No, non li registro","","","No","","Tramite messaggio per telefono","3",""
"2019/11/07 3:55:37 PM CET","20 anni o meno","Femmina","No","","","","","","","","","","S√¨","Una volta a settimana","Gestisco il mio allenamento autonomamente","Per mantenere la forma fisica","","","","","S√¨, lo porto con me durante gli esercizi","3","No","S√¨, ad amici","No, non li registro","","","S√¨","","Non ricevo comunicazioni","",""
"2019/11/07 3:57:29 PM CET","Tra i 21 e i 30 anni","Maschio","No","","","","","","","","","","No","","","","","","","","","","","","","","","","","","",""
"2019/11/07 3:58:31 PM CET","Tra i 21 e i 30 anni","Maschio","No","","","","","","","","","","S√¨","Due volte a settimana","Gestisco il mio allenamento autonomamente","Per mantenere la forma fisica;Per incrementare la mia massa muscolare;Per svago","","","","","S√¨, lo porto con me durante gli esercizi","2","S√¨","S√¨, all'istruttore","No, non li registro","","","S√¨","","Tramite messaggio per telefono","6",""
"2019/11/07 4:00:16 PM CET","Tra i 51 e i 60 anni","Maschio","No","","","","","","","","","","No","","","","","","","","","","","","","","","","","","",""
"2019/11/07 4:00:28 PM CET","Tra i 41 e i 50 anni","Femmina","No","","","","","","","","","","S√¨","Una volta a settimana","Uso una app per smartphone che mi fornisce un programma di allenamento","Per svago","","","","","S√¨, lo porto con me durante gli esercizi","1","S√¨","S√¨, all'istruttore","No, non li registro","","","No","","Tramite un Social Network (ad esempio Facebook)","7",""
"2019/11/07 4:01:08 PM CET","Tra i 21 e i 30 anni","Femmina","No","","","","","","","","","","S√¨","Tre o pi√π volte a settimana","Gestisco il mio allenamento autonomamente","Per mantenere la forma fisica;Per incrementare la mia massa muscolare","","","","","S√¨, lo porto con me durante gli esercizi","1","S√¨","S√¨, all'istruttore","No, non li registro","5","","No","","Email ","6",""
"2019/11/07 4:01:20 PM CET","Tra i 21 e i 30 anni","Maschio","No","","","","","","","","","","S√¨","Tre o pi√π volte a settimana","Gestisco il mio allenamento autonomamente","Per mantenere la forma fisica;Per incrementare la mia massa muscolare","","","","","S√¨, ma lo lascio in borsa","1","S√¨","S√¨, all'istruttore","No, non li registro","","","No","","A voce dall'istruttore","4",""
"2019/11/07 4:01:55 PM CET","20 anni o meno","Femmina","No","","","","","","","","","","S√¨","Una volta a settimana","Seguo il programma fornitomi da miei amici / parenti","Per mantenere la forma fisica;Per incrementare la mia forza","Sullo smartphone","3","","No","S√¨, lo porto con me durante gli esercizi","5","No","S√¨, ad altri clienti della palestra","No, non li registro","","","S√¨","Con grafici e tabelle","Non ricevo comunicazioni","",""
"2019/11/07 4:02:13 PM CET","Tra i 41 e i 50 anni","Maschio","No","","","","","","","","","","S√¨","Tre o pi√π volte a settimana","Seguo il programma di un allenatore diverso dall'istruttore della palestra","Per mantenere la forma fisica;Per incrementare la mia massa muscolare;Per svago","Sullo smartphone","6","√à a portata di mank","S√¨","S√¨, lo porto con me durante gli esercizi","5","No","S√¨, ho cercato su Internet","No, non li registro","5","","No","Visivamente ","Non ricevo comunicazioni","4",""
"2019/11/07 4:03:00 PM CET","Tra i 41 e i 50 anni","Maschio","No","","","","","","","","","","S√¨","Due volte a settimana","L'istruttore mi fornisce un programma di allenamento","Per mantenere la forma fisica;Per svago","Su una scheda cartacea","7","√à semplice da usare, non prevede supporti informatici","No","S√¨, ma lo lascio in borsa","1","Non lo so","S√¨, all'istruttore","No, non li registro","1","Dovrei registrarli","S√¨","Su supporto informatico","Leggendo gli avvisi esposti in palestra","1","Vorrei trovare gli aggiornamenti senza andare necessariamente in palestra"
"2019/11/07 4:03:03 PM CET","Tra i 21 e i 30 anni","Maschio","No","","","","","","","","","","S√¨","Meno di una volta a settimana","L'istruttore mi fornisce un programma di allenamento","Per mantenere la forma fisica","Su una scheda cartacea","7","","S√¨","S√¨, lo porto con me durante gli esercizi","1","S√¨","S√¨, all'istruttore","No, non li registro","","","No","","Leggendo gli avvisi esposti in palestra","7",""
"2019/11/07 4:15:18 PM CET","Tra i 21 e i 30 anni","Maschio","No","","","","","","","","","","S√¨","Meno di una volta a settimana","Gestisco il mio allenamento autonomamente","Per mantenere la forma fisica;Per svago","","","","","S√¨, lo porto con me durante gli esercizi","5","S√¨","No, Non ne ho mai avuto bisogno","No, non li registro","","","No","Tabellare","Non ricevo comunicazioni","",""
"2019/11/07 4:15:30 PM CET","Tra i 21 e i 30 anni","Maschio","No","","","","","","","","","","S√¨","Tre o pi√π volte a settimana","Gestisco il mio allenamento autonomamente","Per incrementare la mia massa muscolare;Per svago","","","","","S√¨, ma lo lascio in borsa","3","S√¨","S√¨, all'istruttore","No, non li registro","4","","No","","Tramite un Social Network (ad esempio Facebook)","6","Comodo e veloce"
"2019/11/07 4:17:47 PM CET","Tra i 31 e i 40 anni","Femmina","Si, in palestra","Si, fornisco delle schede di allenamento cartacee","7","","Usando un supporto fisico (ad esempio su fogli di carta)","3","","Si, tramite Whatsapp o Telegram","5","S√¨","","","","","","","","","","","","","","","","","","","",""
"2019/11/07 4:18:56 PM CET","20 anni o meno","Femmina","No","","","","","","","","","","No","","","","","","","","","","","","","","","","","","",""
"2019/11/07 4:18:58 PM CET","Tra i 21 e i 30 anni","Maschio","No","","","","","","","","","","S√¨","Tre o pi√π volte a settimana","Dipende dalle situazioni, se ho la possibilit√† seguo un allenamento strutturato.","Per mantenere la forma fisica;Per incrementare la mia forza;Come integrazione ad un'altra attivit√† sportiva esterna alla palestra;Per svago;Lavoro","","","","","S√¨, lo porto con me durante gli esercizi","7","S√¨","S√¨, all'istruttore","No, non li registro","","Tanto i miglioramenti li si notano con il tempo...","No","","A voce dall'istruttore","7","Essendo una diretta comunicazione, posso tranquillamente far chiarezza a possibili miei dubbi."
"2019/11/07 4:19:25 PM CET","20 anni o meno","Maschio","No","","","","","","","","","","No","","","","","","","","","","","","","","","","","","",""
"2019/11/07 4:21:37 PM CET","20 anni o meno","Maschio","No","","","","","","","","","","No","","","","","","","","","","","","","","","","","","",""
"2019/11/07 4:29:51 PM CET","20 anni o meno","Maschio","No","","","","","","","","","","S√¨","Tre o pi√π volte a settimana","L'istruttore mi fornisce un programma di allenamento","Per mantenere la forma fisica;Per incrementare la mia massa muscolare","Su una scheda cartacea","7","Comodo da portare in giro per la palestra, posso mollarlo per terra.","No","S√¨, ma lo lascio in borsa","1","S√¨","S√¨, all'istruttore","No, non li registro","","","No","","Leggendo gli avvisi esposti in palestra","5","Potrei non accorgermene"
"2019/11/07 4:30:05 PM CET","Tra i 51 e i 60 anni","Femmina","No","","","","","","","","","","No","","","","","","","","","","","","","","","","","","",""
"2019/11/07 4:30:58 PM CET","20 anni o meno","Femmina","No","","","","","","","","","","No","","","","","","","","","","","","","","","","","","",""
"2019/11/07 4:32:27 PM CET","20 anni o meno","Preferisco non specificare","No","","","","","","","","","","S√¨","Tre o pi√π volte a settimana","L'istruttore mi fornisce un programma di allenamento","Seguo un corso offerto dalla palestra","L'istruttore mi segue esercizio per esercizio","6","","No","S√¨, ma lo lascio in borsa","1","S√¨","S√¨, all'istruttore","S√¨, uso una applicazione per smartphone","4","","","","Tramite messaggio per telefono","5",""
"2019/11/07 4:35:05 PM CET","Tra i 21 e i 30 anni","Femmina","No","","","","","","","","","","S√¨","Tre o pi√π volte a settimana","L'istruttore mi fornisce un programma di allenamento","Per mantenere la forma fisica","A memoria","6","","No","S√¨, ma lo lascio in borsa","1","No","S√¨, all'istruttore","No, non li registro","7","","No","","A voce dall'istruttore","6",""
"2019/11/07 4:38:17 PM CET","Tra i 21 e i 30 anni","Femmina","No","","","","","","","","","","S√¨","Una volta a settimana","L'istruttore mi fornisce un programma di allenamento","Per mantenere la forma fisica","Su una scheda cartacea","2","","No","S√¨, ma lo lascio in borsa","","No","S√¨, ad amici","No, non li registro","","","S√¨","","Non ricevo comunicazioni","",""
"2019/11/07 4:38:59 PM CET","Tra i 41 e i 50 anni","Femmina","No","","","","","","","","","","S√¨","Due volte a settimana","L'istruttore mi fornisce un programma di allenamento","Per mantenere la forma fisica","Su una scheda cartacea","5","Dopo qualche giorno l'ho gi√† memorizzata","S√¨","No, lo lascio a casa","","S√¨","S√¨, all'istruttore","No, non li registro","","","No","","Non ricevo comunicazioni","",""
"2019/11/07 4:40:11 PM CET","Tra i 21 e i 30 anni","Femmina","No","","","","","","","","","","No","","","","","","","","","","","","","","","","","","",""
"2019/11/07 4:42:38 PM CET","Tra i 21 e i 30 anni","Maschio","No","","","","","","","","","","S√¨","Una volta a settimana","Gestisco il mio allenamento autonomamente","Per mantenere la forma fisica","","","","","S√¨, lo porto con me durante gli esercizi","3","S√¨","S√¨, all'istruttore","No, non li registro","","","No","","Leggendo gli avvisi esposti in palestra","2",""
"2019/11/07 4:49:53 PM CET","Tra i 21 e i 30 anni","Maschio","No","","","","","","","","","","No","","","","","","","","","","","","","","","","","","",""
"2019/11/07 4:52:42 PM CET","20 anni o meno","Femmina","No","","","","","","","","","","No","","","","","","","","","","","","","","","","","","",""
"2019/11/07 4:57:00 PM CET","20 anni o meno","Femmina","No","","","","","","","","","","S√¨","Meno di una volta a settimana","L'istruttore mi fornisce un programma di allenamento","Per mantenere la forma fisica;Per incrementare la mia forza;Seguo un corso offerto dalla palestra;Per svago","L'istruttore mi segue esercizio per esercizio","6","","No","S√¨, ma lo lascio in borsa","1","S√¨","S√¨, all'istruttore","No, non li registro","","","No","","A voce dall'istruttore","5",""
"2019/11/07 5:05:05 PM CET","Tra i 21 e i 30 anni","Femmina","No","","","","","","","","","","No","","","","","","","","","","","","","","","","","","",""
"2019/11/07 5:05:21 PM CET","Tra i 21 e i 30 anni","Femmina","No","","","","","","","","","","No","","","","","","","","","","","","","","","","","","",""
"2019/11/07 5:05:40 PM CET","20 anni o meno","Femmina","No","","","","","","","","","","S√¨","Due volte a settimana","Gestisco il mio allenamento autonomamente","Per mantenere la forma fisica;Per svago","","","","","S√¨, ma lo lascio in borsa","","Non lo so","S√¨, ad altri clienti della palestra","No, non li registro","","","No","","Non ricevo comunicazioni","",""
"2019/11/07 5:06:10 PM CET","20 anni o meno","Maschio","No","","","","","","","","","","No","","","","","","","","","","","","","","","","","","",""
"2019/11/07 5:08:55 PM CET","Tra i 41 e i 50 anni","Femmina","No","","","","","","","","","","S√¨","Due volte a settimana","L'istruttore mi fornisce un programma di allenamento","Per mantenere la forma fisica","A memoria","7","","No","S√¨, ma lo lascio in borsa","1","Non lo so","S√¨, all'istruttore","No, non li registro","","","No","","Tramite un Social Network (ad esempio Facebook)","6",""
"2019/11/07 5:20:38 PM CET","20 anni o meno","Femmina","No","","","","","","","","","","No","","","","","","","","","","","","","","","","","","",""
"2019/11/07 5:25:51 PM CET","20 anni o meno","Maschio","No","","","","","","","","","","S√¨","Meno di una volta a settimana","Gestisco il mio allenamento autonomamente","Seguo un corso offerto dalla palestra","","","","","S√¨, lo porto con me durante gli esercizi","3","S√¨","No, Non ne ho mai avuto bisogno","No, non li registro","","","No","","Non ricevo comunicazioni","",""
"2019/11/07 5:26:49 PM CET","20 anni o meno","Maschio","No","","","","","","","","","","No","","","","","","","","","","","","","","","","","","",""
"2019/11/07 5:28:33 PM CET","20 anni o meno","Maschio","No","","","","","","","","","","S√¨","Due volte a settimana","L'istruttore mi fornisce un programma di allenamento","Per incrementare la mia massa muscolare;Per incrementare la mia forza","Su una scheda cartacea","6","Perch√© √® sufficiente a svolgere quello che devo fare. Non mi serve nulla di pi√π","No","S√¨, ma lo lascio in borsa","1","Non lo so","S√¨, all'istruttore","No, non li registro","","","S√¨","","Non ricevo comunicazioni","",""
"2019/11/07 5:30:24 PM CET","Tra i 51 e i 60 anni","Femmina","No","","","","","","","","","","S√¨","Due volte a settimana","L'istruttore mi fornisce un programma di allenamento","Per mantenere la forma fisica","L'istruttore mi segue esercizio per esercizio","7","Perch√© si √® sicuri di eseguire gli esercizi correttamente","No","S√¨, ma lo lascio in borsa","1","S√¨","S√¨, all'istruttore","No, non li registro","4","","No","","Tramite messaggio per telefono","6","Perche' si ha un rapporto diretto"
"2019/11/07 5:45:11 PM CET","Tra i 21 e i 30 anni","Femmina","No","","","","","","","","","","S√¨","Meno di una volta a settimana","L'istruttore mi fornisce un programma di allenamento","Per mantenere la forma fisica","L'istruttore mi segue esercizio per esercizio","3","","S√¨","S√¨, ma lo lascio in borsa","5","S√¨","S√¨, all'istruttore","No, non li registro","2","","S√¨","","Leggendo gli avvisi esposti in palestra","2",""
"2019/11/07 6:00:16 PM CET","Tra i 51 e i 60 anni","Femmina","No","","","","","","","","","","S√¨","Due volte a settimana","L'istruttore mi fornisce un programma di allenamento","Per mantenere la forma fisica","L'istruttore mi segue esercizio per esercizio","7","","No","S√¨, ma lo lascio in borsa","1","Non lo so","S√¨, all'istruttore","S√¨, uso una applicazione per smartphone","7","","","","A voce dall'istruttore","7",""
"2019/11/07 6:13:06 PM CET","Tra i 51 e i 60 anni","Maschio","No","","","","","","","","","","S√¨","Due volte a settimana","L'istruttore mi fornisce un programma di allenamento","Per mantenere la forma fisica;Come integrazione ad un'altra attivit√† sportiva esterna alla palestra","Su una scheda cartacea","7","Xke semplice e sul foglio posso riportare appunti o note ","S√¨","S√¨, lo porto con me durante gli esercizi","1","S√¨","S√¨, all'istruttore","No, non li registro","","","No","","A voce dall'istruttore","5","Funziona "
"2019/11/07 6:13:10 PM CET","20 anni o meno","Maschio","No","","","","","","","","","","S√¨","Due volte a settimana","L'istruttore mi fornisce un programma di allenamento","Per mantenere la forma fisica;Per incrementare la mia massa muscolare;Per incrementare la mia forza;Per svago","Su una scheda cartacea","7","√à comodo","No","S√¨, lo porto con me durante gli esercizi","2","S√¨","S√¨, all'istruttore","S√¨, uso una applicazione per smartphone","4","","","","Leggendo gli avvisi esposti in palestra","5",""
"2019/11/07 6:28:15 PM CET","20 anni o meno","Maschio","No","","","","","","","","","","S√¨","Una volta a settimana","Gestisco il mio allenamento autonomamente","Per mantenere la forma fisica","","","","","S√¨, lo porto con me durante gli esercizi","3","No","S√¨, ad amici","No, non li registro","","","No","","Non ricevo comunicazioni","",""
"2019/11/07 7:03:13 PM CET","Tra i 21 e i 30 anni","Maschio","No","","","","","","","","","","S√¨","Tre o pi√π volte a settimana","L'istruttore mi fornisce un programma di allenamento","Per incrementare la mia massa muscolare","Su una scheda cartacea","7","Comodo","S√¨","S√¨, lo porto con me durante gli esercizi","1","S√¨","S√¨, ad altri clienti della palestra","No, non li registro","","","No","","A voce dall'istruttore","7",""
"2019/11/07 8:08:18 PM CET","Tra i 51 e i 60 anni","Femmina","No","","","","","","","","","","S√¨","Due volte a settimana","L'istruttore mi fornisce un programma di allenamento","Per mantenere la forma fisica","Su una scheda cartacea","5","","S√¨","S√¨, ma lo lascio in borsa","1","Non lo so","S√¨, all'istruttore","No, non li registro","","","No","","Leggendo gli avvisi esposti in palestra","5",""
"2019/11/07 8:28:10 PM CET","Tra i 21 e i 30 anni","Maschio","No","","","","","","","","","","S√¨","Tre o pi√π volte a settimana","L'istruttore mi fornisce un programma di allenamento","Per incrementare la mia massa muscolare;Per incrementare la mia forza;Per svago","Sullo smartphone","6","","S√¨","S√¨, lo porto con me durante gli esercizi","6","S√¨","S√¨, all'istruttore","S√¨, Il mio personal trainer li registra per me","4","","","","Messaggio WhatsApp","7",""
"2019/11/07 8:34:32 PM CET","Tra i 51 e i 60 anni","Femmina","No","","","","","","","","","","S√¨","Due volte a settimana","L'istruttore mi fornisce un programma di allenamento","Per mantenere la forma fisica","Su una scheda cartacea","7","Era tutto molto chiaro","No","S√¨, lo porto con me durante gli esercizi","7","S√¨","S√¨, all'istruttore","No, non li registro","","","S√¨","Ora uso samsung healt","Tramite un Social Network (ad esempio Facebook)","6","Mi aiutava a comprendere meglio le offerte"
"2019/11/07 9:09:16 PM CET","Tra i 51 e i 60 anni","Maschio","No","","","","","","","","","","S√¨","Una volta a settimana","Gestisco il mio allenamento autonomamente","Per mantenere la forma fisica","","","","","S√¨, ma lo lascio in borsa","2","Non lo so","S√¨, all'istruttore","No, non li registro","","","No","","Leggendo gli avvisi esposti in palestra","5",""
"2019/11/07 9:12:36 PM CET","Tra i 21 e i 30 anni","Maschio","No","","","","","","","","","","S√¨","Una volta a settimana","L'istruttore mi fornisce un programma di allenamento","Per mantenere la forma fisica;Per incrementare la mia forza;Come integrazione ad un'altra attivit√† sportiva esterna alla palestra;Postura, salute e benessere","Principalmente scheda, ogni tanto tengo una sessione o due con il personal trainer per aggiornare o rivedere l'allenamento","5","Se potessi dedicare pi√π tempo agli allenamenti e studiare una dieta da abbinarci darei 7","No","Si, solitamente lo lascio nell'armadietto in spogliatoio, tranne quando mi alleno col personal trainer che lo usa per filmare gli esercizi che faccio, questo per mostrarmi cosa vada bene e cosa no","6","S√¨","Di solito √® l'istruttore ad assegnarmi nuove macchine e, di conseguenza, mi insegna ad usarle","Non direttamente, i progressi li vedo dal progresso negli esercizi, dal cambiamento nella forma fisica e nella postura","","","","","Non ricevo comunicazioni","",""
"2019/11/07 9:42:41 PM CET","Tra i 51 e i 60 anni","Maschio","No","","","","","","","","","","S√¨","Due volte a settimana","L'istruttore mi fornisce un programma di allenamento","Come integrazione ad un'altra attivit√† sportiva esterna alla palestra","Su una scheda cartacea","7","","S√¨","S√¨, ma lo lascio in borsa","","S√¨","S√¨, all'istruttore","S√¨, uso un programma per computer","7","","","","Leggendo gli avvisi esposti in palestra","6",""
"2019/11/08 12:01:30 AM CET","Tra i 51 e i 60 anni","Femmina","No","","","","","","","","","","S√¨","Due volte a settimana","L'istruttore mi fornisce un programma di allenamento","Per mantenere la forma fisica","L'istruttore mi segue esercizio per esercizio","6","","No","S√¨, ma lo lascio in borsa","1","S√¨","S√¨, all'istruttore","No, non li registro","","","No","","Tramite messaggio per telefono","6",""
"2019/11/08 12:15:20 AM CET","20 anni o meno","Maschio","No","","","","","","","","","","No","","","","","","","","","","","","","","","","","","",""
"2019/11/08 7:15:31 AM CET","Tra i 51 e i 60 anni","Femmina","No","","","","","","","","","","S√¨","Due volte a settimana","L'istruttore mi fornisce un programma di allenamento","Per mantenere la forma fisica","L'istruttore mi segue esercizio per esercizio","7","Sintetico e veloce ","No","S√¨, ma lo lascio in borsa","1","S√¨","Non uso attrezzi ","No, non li registro","","","No","","A voce dall'istruttore","",""
"2019/11/08 8:31:12 AM CET","Tra i 21 e i 30 anni","Femmina","No","","","","","","","","","","S√¨","Meno di una volta a settimana","L'istruttore mi fornisce un programma di allenamento","Per mantenere la forma fisica","L'istruttore mi segue esercizio per esercizio","5","","No","S√¨, ma lo lascio in borsa","4","Non lo so","S√¨, all'istruttore","No, non li registro","","","S√¨","","Non ricevo comunicazioni","",""
"2019/11/08 8:41:03 AM CET","20 anni o meno","Maschio","No","","","","","","","","","","No","","","","","","","","","","","","","","","","","","",""
"2019/11/08 8:58:17 AM CET","Tra i 21 e i 30 anni","Maschio","No","","","","","","","","","","No","","","","","","","","","","","","","","","","","","",""
"2019/11/08 9:42:58 AM CET","Tra i 21 e i 30 anni","Maschio","No","","","","","","","","","","S√¨","Tre o pi√π volte a settimana","Gestisco il mio allenamento autonomamente","Per mantenere la forma fisica","","","","","S√¨, ma lo lascio in borsa","","S√¨","S√¨, all'istruttore","No, non li registro","","","No","","Leggendo gli avvisi esposti in palestra","",""
"2019/11/08 9:58:36 AM CET","Tra i 21 e i 30 anni","Maschio","No","","","","","","","","","","S√¨","Due volte a settimana","Uso una app per smartphone che mi fornisce un programma di allenamento","Per mantenere la forma fisica","","","","","S√¨, lo porto con me durante gli esercizi","6","S√¨","S√¨, all'istruttore","No, non li registro","","","No","","Newsletter","4","Controllando le mail ogni mattina risulta comodo ricevere aggiornamenti tramite newsletter. "
"2019/11/08 12:24:34 PM CET","20 anni o meno","Femmina","No","","","","","","","","","","No","","","","","","","","","","","","","","","","","","",""
"2019/11/08 12:25:15 PM CET","20 anni o meno","Maschio","No","","","","","","","","","","S√¨","Due volte a settimana","Seguo il programma di un allenatore diverso dall'istruttore della palestra","Per incrementare la mia massa muscolare","Su una scheda cartacea","7","","S√¨","S√¨, lo porto con me durante gli esercizi","4","Non lo so","S√¨, all'istruttore","S√¨, uso un supporto cartaceo","5","","","","A voce dall'istruttore","5",""
"2019/11/08 12:25:40 PM CET","Tra i 21 e i 30 anni","Femmina","Si, entrambi","Si, fornisco delle schede di allenamento cartacee","7","","Usando un supporto fisico (ad esempio su fogli di carta)","6","","Si, tramite un social network (come Facebook)","5","S√¨","","","","","","","","","","","","","","","","","","","",""
"2019/11/08 12:26:22 PM CET","Tra i 21 e i 30 anni","Maschio","No","","","","","","","","","","No","","","","","","","","","","","","","","","","","","",""
"2019/11/08 12:26:31 PM CET","20 anni o meno","Maschio","No","","","","","","","","","","S√¨","Tre o pi√π volte a settimana","Gestisco il mio allenamento autonomamente","Per incrementare la mia forza","","","","","S√¨, lo porto con me durante gli esercizi","5","Non lo so","S√¨, all'istruttore","S√¨, uso un programma per computer","4","","","","Non ricevo comunicazioni","",""
"2019/11/08 12:29:56 PM CET","20 anni o meno","Maschio","No","","","","","","","","","","S√¨","Tre o pi√π volte a settimana","Gestisco il mio allenamento autonomamente","Per incrementare la mia massa muscolare","","","","","Lo porto per ascoltare musica ","1","S√¨","Ho fatto per molto tempo nuoto agonistico e palestra integrata per migliorare la performance,gli esercizi me li hanno insegnati i preparatori atletici ","S√¨, uso un supporto cartaceo","7","Perch√© lo lascio in palestra (nella mia home gym) e ad ogni allenamento cerco di fare meglio di quello prima ","","","Avendo una home gym non ho informazioni da ricevere ","",""
"2019/11/08 12:38:30 PM CET","Tra i 21 e i 30 anni","Maschio","No","","","","","","","","","","S√¨","Tre o pi√π volte a settimana","Gestisco il mio allenamento autonomamente","Per mantenere la forma fisica;Per incrementare la mia massa muscolare;Per incrementare la mia forza;Come integrazione ad un'altra attivit√† sportiva esterna alla palestra;Sto studiando Scienze Motorie ","","","","","Esclusivamente per la musica di solito","4","S√¨","Cerco di gestirmi, approfondisco su internet, sulle conoscenze universitarie o al massimo con l'istruttore di sala","Mediamente no, ma per il semplice fatto che non preparando nessuna competizione non cerco di rientrare in uno standard, inoltre sono in una fase riabilitativa al momento, quindi cerco fondamentalmente di raggiungere la mia condizione ottimale, ma ho intenzione di prendermene nota su un supporto cartaceo per poi registrarlo in un PC ","","","","","Avvisi in palestre, mail(prettamente pagamenti)","3",""
"2019/11/08 12:40:48 PM CET","Oltre i 61 anni","Maschio","Si, entrambi","Si, fornisco delle schede di allenamento cartacee","7","Integrare con programma interattivi su USB o smartphone o altro strumento di feedback.","Il cartaceo √® indispensabile a causa dell'eterogeneit√† delle classi allenate: un anziano deve leggere i risultati su carta altrimenti non li assimila motivazionalmente...","7","Il linguaggio...","Si, a voce","6","S√¨","","","","","","","","","","","","","","","","","","","",""
"2019/11/08 12:44:23 PM CET","20 anni o meno","Maschio","No","","","","","","","","","","S√¨","Tre o pi√π volte a settimana","Gestisco il mio allenamento autonomamente","Per incrementare la mia massa muscolare;Per incrementare la mia forza","","","","","S√¨, lo utilizzo come cronometro principalmente ","6","S√¨","S√¨, all'istruttore","S√¨, uso un programma per computer","7","Perch√© mi permette di monitorare i vari carichi, per vedere eventuali incrementi","","","Leggendo gli avvisi esposti in palestra","7","Il fatto di leggerli anche pi√π volte, passandoci davanti, permette di assimilare meglio"
"2019/11/08 1:24:26 PM CET","20 anni o meno","Femmina","No","","","","","","","","","","No","","","","","","","","","","","","","","","","","","",""
"2019/11/08 1:30:45 PM CET","Tra i 51 e i 60 anni","Maschio","No","","","","","","","","","","S√¨","Meno di una volta a settimana","Non mi alleno pi√π ","Non mi alleno pi√π ","","","","","No, lo lascio a casa","1","Non lo so","S√¨, all'istruttore","No, non li registro","4","","S√¨","Con l'orologio ","Non ricevo comunicazioni","",""
"2019/11/08 1:48:19 PM CET","20 anni o meno","Maschio","No","","","","","","","","","","S√¨","Tre o pi√π volte a settimana","L'istruttore mi fornisce un programma di allenamento","Come integrazione ad un'altra attivit√† sportiva esterna alla palestra","L'istruttore mi segue esercizio per esercizio","6","","No","S√¨, ma lo lascio in borsa","4","S√¨","S√¨, all'istruttore","No, non li registro","","","No","","A voce dall'istruttore, tramite messaggio per telefono, leggendo avvisi esposti in palestra ","7",""
"2019/11/08 1:56:49 PM CET","20 anni o meno","Femmina","No","","","","","","","","","","S√¨","Tre o pi√π volte a settimana","L'istruttore mi fornisce un programma di allenamento","Per mantenere la forma fisica;Per incrementare la mia massa muscolare;Per svago","Su una scheda cartacea","2","Scomodo portare la scheda in giro per la palestra","No","S√¨, ma lo lascio in borsa","5","Non lo so","S√¨, all'istruttore","No, non li registro","","","S√¨","Tramite foto ","Non ricevo comunicazioni","",""
"2019/11/08 3:15:20 PM CET","Tra i 21 e i 30 anni","Femmina","No","","","","","","","","","","S√¨","Tre o pi√π volte a settimana","Seguo il programma di un allenatore diverso dall'istruttore della palestra","Per incrementare la mia massa muscolare","Sullo smartphone","7","","S√¨","S√¨, lo porto con me durante gli esercizi","6","S√¨","S√¨, all'istruttore","S√¨, uso un programma per computer","7","","","","Leggendo gli avvisi esposti in palestra","4",""
"2019/11/08 3:18:38 PM CET","Tra i 21 e i 30 anni","Maschio","No","","","","","","","","","","S√¨","Tre o pi√π volte a settimana","Gestisco il mio allenamento autonomamente","Per incrementare la mia massa muscolare","","","","","S√¨, ma lo lascio in borsa","","Non lo so","S√¨, ho cercato su Internet","No, non li registro","","","S√¨","Aumentando la massa, aumento anche il peso quindi guardo quello","Tramite un Social Network (ad esempio Facebook)","6","Si perch√© tramite il telefono accedo in maniera pi√π veloce e pi√π comoda"
"2019/11/08 3:22:09 PM CET","Tra i 21 e i 30 anni","Maschio","No","","","","","","","","","","S√¨","Tre o pi√π volte a settimana","Gestisco il mio allenamento autonomamente","Per mantenere la forma fisica;Per incrementare la mia massa muscolare;Per svago","","","","","S√¨, lo porto con me durante gli esercizi","6","S√¨","S√¨, ho cercato su Internet","No, non li registro","","","No","","Leggendo gli avvisi esposti in palestra","3",""
"2019/11/08 3:24:09 PM CET","Tra i 21 e i 30 anni","Femmina","No","","","","","","","","","","No","","","","","","","","","","","","","","","","","","",""
"2019/11/08 3:38:03 PM CET","Tra i 21 e i 30 anni","Maschio","No","","","","","","","","","","S√¨","Tre o pi√π volte a settimana","Gestisco il mio allenamento autonomamente","Per mantenere la forma fisica;Per incrementare la mia massa muscolare;Per incrementare la mia forza","","","","","S√¨, lo porto con me durante gli esercizi","5","No","No, Non ne ho mai avuto bisogno","S√¨, uso un supporto cartaceo","5","","","","Non ricevo comunicazioni","",""
"2019/11/08 3:38:08 PM CET","Tra i 21 e i 30 anni","Maschio","No","","","","","","","","","","S√¨","Tre o pi√π volte a settimana","L'istruttore mi fornisce un programma di allenamento","Per mantenere la forma fisica;Come integrazione ad un'altra attivit√† sportiva esterna alla palestra","Su una scheda cartacea","4","√à scomodo da trovare in mezzo agli altri","No","S√¨, ma lo lascio in borsa","","S√¨","S√¨, all'istruttore","No, non li registro","","","No","","Non ricevo comunicazioni","",""
"2019/11/08 3:40:42 PM CET","Tra i 21 e i 30 anni","Maschio","No","","","","","","","","","","S√¨","Due volte a settimana","Gestisco il mio allenamento autonomamente","Per mantenere la forma fisica","","","","","S√¨, lo porto con me durante gli esercizi","6","No","No, Non ne ho mai avuto bisogno","S√¨, uso una applicazione per smartphone","6","Essenziale ma efficace.","","","Tramite messaggio per telefono","2","Si tratta pi√π che altro di pubblicit√†."
"2019/11/08 3:44:38 PM CET","Tra i 31 e i 40 anni","Maschio","No","","","","","","","","","","S√¨","Meno di una volta a settimana","Gestisco il mio allenamento autonomamente","Per mantenere la forma fisica","","","","","S√¨, ma lo lascio in borsa","4","Non lo so","No, Non ne ho mai avuto bisogno","No, non li registro","7","","S√¨","","Tramite un Social Network (ad esempio Facebook)","4",""
"2019/11/08 3:49:57 PM CET","Tra i 31 e i 40 anni","Maschio","No","","","","","","","","","","S√¨","Due volte a settimana","L'istruttore mi fornisce un programma di allenamento","Per mantenere la forma fisica","Su una scheda cartacea","3","La scheda cartacea √® scomoda perch√© c'√® il rischio di perderla, sporcarla, bagnarla, rovinarla.. ","S√¨","S√¨, ma lo lascio in borsa","5","Non lo so","S√¨, all'istruttore","No, non li registro","","","S√¨","Sicuramente su un supporto tecnologico come fanno altre app di allenamento come Runstatic","Tramite messaggio per telefono","6","Fa sempre comodo ricevere comunicazioni soprattutto di incontri o corsi integrati alla palestra"
"2019/11/08 4:01:22 PM CET","Tra i 21 e i 30 anni","Maschio","No","","","","","","","","","","S√¨","Una volta a settimana","Gestisco il mio allenamento autonomamente","Come integrazione ad un'altra attivit√† sportiva esterna alla palestra","","","","","S√¨, lo porto con me durante gli esercizi","5","S√¨","S√¨, ho cercato su Internet","No, non li registro","7","","No","","Non ricevo comunicazioni","7",""
"2019/11/08 4:10:11 PM CET","Tra i 21 e i 30 anni","Maschio","No","","","","","","","","","","S√¨","Meno di una volta a settimana","Gestisco il mio allenamento autonomamente","Per mantenere la forma fisica;Per incrementare la mia massa muscolare;Per incrementare la mia forza","","","","","S√¨, lo porto con me durante gli esercizi","6","S√¨","S√¨, all'istruttore","No, non li registro","","","S√¨","","Tramite messaggio per telefono","5",""
"2019/11/08 4:17:07 PM CET","Tra i 21 e i 30 anni","Maschio","No","","","","","","","","","","S√¨","Tre o pi√π volte a settimana","Gestisco il mio allenamento autonomamente","Per svago","","","","","S√¨, lo porto con me durante gli esercizi","6","Non lo so","S√¨, all'istruttore","No, non li registro","","","S√¨","Con dei dati percentuali","Non ricevo comunicazioni","",""
"2019/11/08 4:30:02 PM CET","Tra i 21 e i 30 anni","Femmina","No","","","","","","","","","","S√¨","Due volte a settimana","L'istruttore mi fornisce un programma di allenamento","Per mantenere la forma fisica;Per incrementare la mia massa muscolare;Per svago","Su una scheda cartacea","5","","No","S√¨, lo porto con me durante gli esercizi","4","No","S√¨, all'istruttore","No, non li registro","","","No","","Leggendo gli avvisi esposti in palestra","",""
"2019/11/08 4:31:24 PM CET","Tra i 21 e i 30 anni","Maschio","No","","","","","","","","","","S√¨","Tre o pi√π volte a settimana","L'istruttore mi fornisce un programma di allenamento","Per mantenere la forma fisica;Per incrementare la mia massa muscolare;Per incrementare la mia forza;Per svago","Su una scheda cartacea","4","","No","S√¨, lo porto con me durante gli esercizi","4","S√¨","S√¨, all'istruttore","No, non li registro","","","S√¨","","Non ricevo comunicazioni","",""
"2019/11/08 5:08:22 PM CET","Tra i 21 e i 30 anni","Maschio","No","","","","","","","","","","S√¨","Tre o pi√π volte a settimana","Gestisco il mio allenamento autonomamente","Per incrementare la mia massa muscolare","","","","","S√¨, lo porto con me durante gli esercizi","4","S√¨","S√¨, all'istruttore","S√¨, uso un supporto cartaceo","4","","","","Leggendo gli avvisi esposti in palestra","2",""
"2019/11/08 6:32:37 PM CET","Tra i 21 e i 30 anni","Femmina","No","","","","","","","","","","S√¨","Due volte a settimana","Gestisco il mio allenamento autonomamente","Per mantenere la forma fisica","","","","","S√¨, lo porto con me durante gli esercizi","7","S√¨","S√¨, ad amici","S√¨, uso una applicazione per smartphone","6","","","","Tramite messaggio per telefono","4",""
"2019/11/08 6:53:17 PM CET","Tra i 21 e i 30 anni","Maschio","No","","","","","","","","","","S√¨","Meno di una volta a settimana","Gestisco il mio allenamento autonomamente","Per mantenere la forma fisica","","","","","S√¨, ma lo lascio in borsa","","S√¨","S√¨, all'istruttore","No, non li registro","","","No","","A voce dall'istruttore","",""
"2019/11/08 9:09:20 PM CET","Tra i 21 e i 30 anni","Maschio","No","","","","","","","","","","S√¨","Tre o pi√π volte a settimana","L'istruttore mi fornisce un programma di allenamento","Per incrementare la mia massa muscolare;Seguo un corso offerto dalla palestra","Su una scheda cartacea","7","","S√¨","S√¨, ma lo lascio in borsa","1","Non lo so","S√¨, all'istruttore","S√¨, uso un supporto cartaceo","3","","","","Non ricevo comunicazioni","7",""
"2019/11/08 9:45:18 PM CET","Tra i 21 e i 30 anni","Femmina","No","","","","","","","","","","S√¨","Due volte a settimana","Seguo il programma di un allenatore diverso dall'istruttore della palestra","Per mantenere la forma fisica","Sullo smartphone","6","","No","S√¨, lo porto con me durante gli esercizi","6","S√¨","S√¨, all'istruttore","No, non li registro","","","No","","Non ricevo comunicazioni","",""
"2019/11/08 9:46:16 PM CET","Tra i 21 e i 30 anni","Femmina","No","","","","","","","","","","S√¨","Meno di una volta a settimana","Gestisco il mio allenamento autonomamente","Per mantenere la forma fisica","","","","","S√¨, lo porto con me durante gli esercizi","4","S√¨","S√¨, all'istruttore","No, non li registro","","","No","","Non ricevo comunicazioni","",""
"2019/11/10 5:33:59 PM CET","20 anni o meno","Femmina","No","","","","","","","","","","S√¨","Tre o pi√π volte a settimana","L'istruttore mi fornisce un programma di allenamento","Per mantenere la forma fisica;Per incrementare la mia massa muscolare;Per incrementare la mia forza","Su una scheda cartacea","6","","No","S√¨, lo porto con me durante gli esercizi","4","S√¨","S√¨, all'istruttore","No, non li registro","","","No","","Non ricevo comunicazioni","2",""
"2019/11/11 1:18:08 AM CET","Tra i 21 e i 30 anni","Maschio","No","","","","","","","","","","S√¨","Due volte a settimana","L'istruttore mi fornisce un programma di allenamento","Per mantenere la forma fisica;Seguo un corso offerto dalla palestra;Per svago","L'istruttore mi segue esercizio per esercizio","7","Devo semplicemente copiarlo a specchio","No","S√¨, ma lo lascio in borsa","1","No","S√¨, all'istruttore","No, non li registro","","","No","","Leggendo gli avvisi esposti in palestra","5","√à semplice, ma se non fai attenzione puoi pendertelo"
"2019/11/11 12:42:50 PM CET","Tra i 21 e i 30 anni","Maschio","No","","","","","","","","","","S√¨","Tre o pi√π volte a settimana","Gestisco il mio allenamento autonomamente","Ci sono andato poche volte, non necessito di palestra per i miei allenamenti ","","","","","S√¨, ma lo lascio in borsa","1","Non lo so","Foglietto illustrativo di cui ogni attrezzo √® dotato","Orologio sportivo","6","","","","Non ricevo comunicazioni","",""
"2019/11/13 6:46:31 PM CET","Tra i 21 e i 30 anni","Maschio","No","","","","","","","","","","S√¨","Tre o pi√π volte a settimana","L'istruttore mi fornisce un programma di allenamento","Per incrementare la mia massa muscolare;Per svago","Su una scheda cartacea","3","Ingombra essendo composta di 4 fogli","No","S√¨, ma lo lascio in borsa","1","S√¨","S√¨, all'istruttore","No, non li registro","","","No","","Non ricevo comunicazioni","",""
"2019/11/13 7:21:27 PM CET","20 anni o meno","Maschio","No","","","","","","","","","","S√¨","Una volta a settimana","Gestisco il mio allenamento autonomamente","Per mantenere la forma fisica;Per incrementare la mia forza","","","","","S√¨, lo porto con me durante gli esercizi","4","S√¨","S√¨, ad amici","No, non li registro","","","No","","Non ricevo comunicazioni","",""
"2019/11/13 9:01:57 PM CET","Tra i 21 e i 30 anni","Maschio","No","","","","","","","","","","S√¨","Tre o pi√π volte a settimana","L'istruttore mi fornisce un programma di allenamento","Per incrementare la mia forza","Su una scheda cartacea","3","","No","S√¨, ma lo lascio in borsa","2","S√¨","S√¨, all'istruttore","S√¨, uso un supporto cartaceo","3","","","","Non ricevo comunicazioni","",""
"2019/11/18 10:07:14 AM CET","20 anni o meno","Femmina","Si, in palestra","Si, fornisco delle schede di allenamento cartacee","6","","Usando un supporto fisico (ad esempio su fogli di carta)","6","","Si, tramite Whatsapp o Telegram","5","S√¨","","","","","","","","","","","","","","","","","","","",""
"2019/11/18 10:07:30 AM CET","Tra i 21 e i 30 anni","Maschio","Si, in palestra","Si, fornisco delle schede di allenamento cartacee","6","","Non seguo i progressi dei miei clienti","","","Si, esponendo un avviso in palestra","4","S√¨","","","","","","","","","","","","","","","","","","","",""
"2019/11/18 10:09:29 AM CET","Tra i 21 e i 30 anni","Maschio","No","","","","","","","","","","S√¨","Due volte a settimana","Gestisco il mio allenamento autonomamente","Come integrazione ad un'altra attivit√† sportiva esterna alla palestra","","","","","S√¨, ma lo lascio in borsa","","S√¨","S√¨, ad amici","No, non li registro","","","No","","Non ricevo comunicazioni","",""
"2019/11/18 10:53:28 AM CET","Tra i 21 e i 30 anni","Maschio","Si, in palestra","Si, tramite messaggio per telefono","5","Vorrei un app specifica","Usando un supporto fisico (ad esempio su fogli di carta)","2","","Si, esponendo un avviso in palestra","2","No","","","","","","","","","","","","","","","","","","","",""
"2019/11/18 10:54:41 AM CET","Tra i 21 e i 30 anni","Maschio","Si, in palestra","Si, fornisco delle schede di allenamento cartacee","4","","Usando un supporto fisico (ad esempio su fogli di carta)","6","","No, non fornisco comunicazioni riguardo la palestra","","No","","","","","","","","","","","","","","","","","","","",""
"2019/11/18 12:06:50 PM CET","Tra i 21 e i 30 anni","Maschio","Si, in palestra","Si, fornisco delle schede di allenamento cartacee","7","Spiegherei meglio la biomeccanica dell'esercizio","Usando un supporto fisico (ad esempio su fogli di carta)","2","Vorrei avere pi√π dati ","Si, esponendo un avviso in palestra","4","No","","","","","","","","","","","","","","","","","","","",""
"2019/11/18 2:01:04 PM CET","Tra i 21 e i 30 anni","Femmina","Si, in palestra","No, non fornisco i programmi di allenamento ai clienti","","","Non seguo i progressi dei miei clienti","","","Si, esponendo un avviso in palestra","5","S√¨","","","","","","","","","","","","","","","","","","","",""
"2019/11/23 12:31:08 PM CET","Tra i 51 e i 60 anni","Femmina","No","","","","","","","","","","S√¨","Meno di una volta a settimana","Sono andata in palestra solo un paio di volte e preferisco il nuoto","Per mantenere la forma fisica;Sono andata in palestra solo un paio di volte, preferisco il nuoto","","","","","No, non possiedo uno smartphone","1","Non lo so","S√¨, all'istruttore","No, non li registro","","","No","","Non ricevo comunicazioni","",""
"2019/11/24 11:09:53 AM CET","Tra i 41 e i 50 anni","Maschio","No","","","","","","","","","","No","","","","","","","","","","","","","","","","","","",""
"2019/11/24 11:31:58 AM CET","Tra i 41 e i 50 anni","Maschio","No","","","","","","","","","","S√¨","Meno di una volta a settimana","Gestisco il mio allenamento autonomamente","Per mantenere la forma fisica","","","","","S√¨, lo porto con me durante gli esercizi","2","Non lo so","S√¨, all'istruttore","No, non li registro","3","","No","","Non ricevo comunicazioni","",""
"2019/11/24 2:07:03 PM CET","Tra i 41 e i 50 anni","Maschio","No","","","","","","","","","","S√¨","Tre o pi√π volte a settimana","L'istruttore mi fornisce un programma di allenamento","Per mantenere la forma fisica","Su una scheda cartacea","7","Perch√© non amo andare in palestra con il cellulare un pezzo di carta lo porto dove voglio","No","S√¨, ma lo lascio in borsa","1","S√¨","S√¨, all'istruttore","S√¨, Il mio personal trainer li registra per me","7","Ho un confronto diretto con una persona esperta","","","Tramite un Social Network (ad esempio Facebook)","5",""
"2019/11/25 10:43:07 PM CET","Tra i 31 e i 40 anni","Femmina","No","","","","","","","","","","S√¨","Una volta a settimana","Gestisco il mio allenamento autonomamente","Seguo un corso offerto dalla palestra","","","","","S√¨, lo porto con me durante gli esercizi","1","S√¨","S√¨, all'istruttore","No, non li registro","","","No","","Tramite messaggio per telefono","",""
"2019/11/25 11:11:54 PM CET","Tra i 41 e i 50 anni","Maschio","No","","","","","","","","","","No","","","","","","","","","","","","","","","","","","",""
"2019/11/25 11:20:55 PM CET","Tra i 41 e i 50 anni","Maschio","No","","","","","","","","","","S√¨","Meno di una volta a settimana","L'istruttore mi fornisce un programma di allenamento","Per mantenere la forma fisica","Su una scheda cartacea","3","","No","S√¨, lo porto con me durante gli esercizi","4","S√¨","S√¨, all'istruttore","S√¨, uso una applicazione per smartphone","6","il programma registra in automatico","","","Leggendo gli avvisi esposti in palestra","3","Preferirei un messaggio sul telefono"
"2019/11/26 11:37:00 AM CET","Tra i 21 e i 30 anni","Maschio","No","","","","","","","","","","S√¨","Meno di una volta a settimana","L'istruttore mi fornisce un programma di allenamento","Per mantenere la forma fisica;Per incrementare la mia massa muscolare;Per svago","Sullo smartphone","6","","S√¨","S√¨, ma lo lascio in borsa","1","No","S√¨, all'istruttore","No, non li registro","","","S√¨","Su di una comoda app","Tramite un Social Network (ad esempio Facebook)","5",""
"2019/11/26 12:19:24 PM CET","Tra i 21 e i 30 anni","Maschio","No","","","","","","","","","","S√¨","Tre o pi√π volte a settimana","L'istruttore mi fornisce un programma di allenamento","Come integrazione ad un'altra attivit√† sportiva esterna alla palestra","L'istruttore mi segue esercizio per esercizio","7","","S√¨","S√¨, ma lo lascio in borsa","1","S√¨","S√¨, all'istruttore","No, non li registro","","","No","","Leggendo gli avvisi esposti in palestra","7",""
"2019/12/06 1:47:16 PM CET","20 anni o meno","Maschio","No","","","","","","","","","","S√¨","Tre o pi√π volte a settimana","L'istruttore mi fornisce un programma di allenamento","Per incrementare la mia massa muscolare;Per incrementare la mia forza;Come integrazione ad un'altra attivit√† sportiva esterna alla palestra","L'istruttore mi segue esercizio per esercizio","7","","S√¨","S√¨, lo porto con me durante gli esercizi","1","Non lo so","S√¨, all'istruttore","S√¨, Il mio personal trainer li registra per me","6","","","","Tramite un Social Network (ad esempio Facebook)","5",""